genename,log2FoldChange,adjusted_pvalue
CYP1A1,-4.394205162,1.5584E-30
LINC01085,-4.309637667,2.89959E-31
PCSK2,-4.165381677,1.36306E-29
MMP13,-3.171294597,1.11965E-19
MME,-3.003444977,2.09571E-35
SCIN,-2.806412893,1.12093E-22
GOLGA8A,-2.76405241,8.25151E-64
FER1L4,-2.716384192,4.61405E-25
LOC102723859,-2.691410617,4.1966E-33
TM4SF1,-2.659628846,1.18431E-13
C14orf37,-2.653176651,2.32195E-10
FOXI1,-2.621035091,1.05561E-12
TPM2,-2.595298207,1.74447E-11
SCNN1G,-2.577497057,2.67816E-14
ESRR,-2.567092912,9.15306E-12
CPT1B,-2.559053451,8.68881E-25
TFPI,-2.554282551,5.04555E-22
GABRP,-2.550335362,2.4031E-19
KCNE4,-2.496439747,8.17147E-11
GOLGA8B,-2.452726359,3.22337E-20
FOXD4L5,-2.398734631,2.08152E-09
UGT1A6,-2.386204906,3.66264E-10
LOC102724814,-2.380084992,1.00955E-22
PIDD1,-2.342000725,3.98885E-17
KCNJ3,-2.33640809,2.81406E-18
NEURL4,-2.299021914,4.20322E-75
APOD,-2.240903087,3.614E-08
ZNF608,-2.218005929,3.91447E-06
SCNN1B,-2.217541934,6.29607E-11
GUCY1A2,-2.216554412,7.86934E-10
LIME1,-2.210175958,9.08879E-17
TSPYL2,-2.201727493,4.43405E-35
CHRD,-2.198972849,9.48791E-15
PLEKHG4B,-2.194647458,5.90715E-12
TNFRSF11B,-2.190723951,4.62674E-06
TNFRSF25,-2.189117849,2.22157E-10
SCART1,-2.167654589,3.49768E-09
CCNL2,-2.157658108,1.20575E-53
TAS1R3,-2.154955394,1.36107E-07
TM4SF18,-2.148437677,1.31848E-05
SPANXA1,-2.136450872,2.26704E-05
DOCK10,-2.114236432,1.53595E-12
HAPLN1,-2.10475758,3.76138E-05
FER1L6,-2.100936822,4.15715E-06
TIMP3,-2.098283661,9.29429E-29
LRRC16B,-2.097082568,7.34201E-07
LINC00052,-2.089084514,5.13428E-15
AHRR,-2.068898255,2.6105E-08
PRPF39,-2.04905022,7.5945E-67
CACNG6,-2.048530772,2.74365E-05
SPECC1L-ADORA2A,-2.026195857,3.18981E-08
STAG3L5P-PVRIG2P-PILRB,-2.007634122,2.68037E-42
ITGAM,-1.991704688,0.000112377
RHBDL1,-1.990513974,5.50627E-05
EDIL3,-1.981427204,1.33051E-07
FAM24B-CUZD1,-1.980434326,0.00012896
FBN2,-1.973394375,0.000011963
OBSCN,-1.971136304,1.26389E-20
PTOV1-AS2,-1.957756598,1.55616E-10
NEAT1,-1.950557673,1.97106E-41
MMP16,-1.941140408,1.16415E-10
MAMDC4,-1.925573112,5.81273E-10
EPHA4,-1.920528947,7.14672E-38
FHL2,-1.912696318,1.8227E-13
LAT,-1.878039013,0.000151311
SLX1A-SULT1A3,-1.857760376,5.07966E-08
AHSA2,-1.855602866,1.73312E-28
PITRM1-AS1,-1.850693367,1.86954E-09
TAF1L,-1.84725176,0.000219254
CDK5RAP3,-1.841960178,6.87508E-45
DIO2,-1.839876372,0.000408156
LTB4R,-1.83273046,4.38755E-12
GDF15,-1.83207529,1.02936E-53
TEX14,-1.827113772,2.58489E-08
KIFC2,-1.817096139,2.62151E-27
MST1P2,-1.816069935,7.93332E-05
CSF1,-1.815007032,0.000187579
CRACR2B,-1.805303019,1.38297E-07
AKR1B10,-1.803467194,0.000473947
LRFN5,-1.801615332,0.000535279
MAPK8IP3,-1.79159637,2.64947E-29
LOC653602,-1.776397767,3.17863E-06
GOLGA6L5P,-1.774937204,9.71945E-05
GPR87,-1.770888881,8.01502E-14
MSTO2P,-1.769647,1.13256E-06
DHRS2,-1.767477034,9.97048E-06
LINC00893,-1.764803634,0.000170406
LOC101929718,-1.760440248,0.000513237
ANO9,-1.753292214,3.36138E-12
DNAH11,-1.753146839,0.00000017
KLHL17,-1.752809765,9.57484E-12
FRMD3,-1.741689621,2.68903E-10
BMF,-1.738027751,6.28979E-12
PRMT5-AS1,-1.736691564,0.000896417
CLK1,-1.727964605,5.85706E-26
ST8SIA4,-1.713978324,4.523E-47
FAM156A,-1.711028799,2.25731E-19
GJA1,-1.710732339,0.001025331
ZNF692,-1.704629099,7.85367E-15
SOX15,-1.698670051,0.001257887
JAG1,-1.695638343,1.02664E-17
MUC19,-1.683616438,0.000749511
KIAA1875,-1.674891133,9.37381E-07
MALAT1,-1.670245004,2.54707E-13
RNF207,-1.668224835,5.73449E-05
LOC440434,-1.664531103,1.17788E-09
RAMP1,-1.662333424,2.79474E-12
COL7A1,-1.659471314,0.000325881
LINC00115,-1.655783367,0.0003163
IGDCC3,-1.644540568,1.36241E-09
MYO15B,-1.64354961,0.000000144
LMNTD2,-1.639234745,0.000212205
PCP2,-1.637179047,0.001543533
HNRNPU-AS1,-1.623570186,9.74099E-12
GPT,-1.621482248,0.001039557
ALS2CL,-1.613232536,7.03471E-08
COL27A1,-1.607633836,0.001044493
MESP2,-1.601192874,0.002483057
CLIP4,-1.600580658,1.10552E-05
PILRB,-1.598291257,4.93832E-05
CCPG1,-1.593283325,8.20363E-32
RASGRP3,-1.592344301,0.002656551
MATN2,-1.591811142,6.46101E-26
STRA6,-1.587489896,0.002762798
PLCG1,-1.585997686,8.64746E-62
KIAA1467,-1.582383192,2.96875E-41
BNC1,-1.579217687,3.30274E-05
RELL2,-1.572211542,4.24484E-10
ATHL1,-1.570044343,6.93763E-07
PLXNA4,-1.569679789,1.47654E-10
ADORA2A-AS1,-1.569616651,0.003084888
ZNF674-AS1,-1.569407318,1.10133E-06
PGLYRP2,-1.567061092,0.000844282
SHISA2,-1.564110117,0.001964737
CLK4,-1.560774241,2.38067E-15
NPNT,-1.55984333,0.001084339
DCX,-1.552767892,0.000997966
BMP2,-1.550740895,0.001530153
SLC52A1,-1.547440358,0.000854328
KCNJ13,-1.542087327,5.58634E-06
RHPN1,-1.536320299,1.97765E-15
SPACA6P,-1.535261729,6.74782E-05
AKAP12,-1.53246737,0.000083321
ITGB6,-1.530749143,2.09976E-16
SLC6A12,-1.530184931,0.003994705
PPT2-EGFL8,-1.529574353,0.004087833
SREK1,-1.527870714,9.42846E-32
SYT12,-1.523614586,2.00203E-37
KCNH1,-1.519728333,6.86399E-05
SCARNA7,-1.518257419,0.000000008
HERC2P2,-1.515496415,4.03565E-24
AKR1C1,-1.515094427,0.001281636
GPR68,-1.514415231,2.44116E-15
APOE,-1.503592341,0.000156123
SNORA37,-1.503297479,0.000102676
OXTR,-1.503000331,6.14539E-09
KCNJ8,-1.502626542,3.82826E-08
EDA2R,-1.502059316,1.6701E-13
CALB2,-1.497588502,0.000126525
LY6G5B,-1.495835058,0.002712759
SGK494,-1.494780466,2.08559E-05
GPR158,-1.492827021,1.27545E-06
CCDC144CP,-1.486106462,0.001375544
ACOXL,-1.480623743,0.001835775
SEMA4C,-1.480403066,4.36962E-13
COL24A1,-1.477477101,0.004561645
PI4KAP1,-1.476950552,1.42033E-05
CTNNA3,-1.461566034,0.00021844
CFAP44,-1.458307624,6.66576E-09
LY6D,-1.45781825,3.47107E-05
ACKR3,-1.456117828,0.000432135
EFEMP2,-1.45095829,0.005812754
EMP1,-1.44805366,0.002614425
SLC14A1,-1.444697676,0.001205487
NPIPA1,-1.441380772,3.90735E-12
NYAP2,-1.432948915,0.004774104
RDH16,-1.431725112,7.67499E-05
SNORA14B,-1.431253149,0.006033115
INPP5D,-1.418560876,0.004909365
COLQ,-1.415578986,0.003560826
LOC100270804,-1.414573087,0.000222672
LOC155060,-1.413648541,0.000333904
TACC1,-1.409881974,1.63199E-28
NOTCH1,-1.407350126,1.64275E-20
MALRD1,-1.403616856,6.54972E-14
CCDC89,-1.402212156,9.12943E-05
TGFB2,-1.40144385,1.14075E-18
ZG16,-1.399797527,0.004184736
TMEM198,-1.399736636,0.000151917
STX16-NPEPL1,-1.399179231,2.41147E-07
RSRP1,-1.398013998,2.86862E-14
BMPER,-1.396007102,0.009464866
RAD52,-1.39586074,0.000000001
MST1,-1.395601481,0.000666149
WISP2,-1.395594342,5.8617E-08
PAN2,-1.394833098,1.3681E-28
TRIB2,-1.393834944,1.54175E-08
HSPA6,-1.393546545,0.00234298
LINC01341,-1.390745957,0.009839654
CT83,-1.387615912,0.000108427
LOXL4,-1.385684521,1.47767E-05
DENND4B,-1.383968849,4.6259E-17
PLK2,-1.380454897,8.96314E-49
FAM171B,-1.379262555,2.12865E-13
CROT,-1.378155888,2.24585E-12
INHBB,-1.377237428,4.48088E-13
TGFBR3,-1.376547711,1.80488E-05
CPM,-1.375768823,0.001732193
CAPN8,-1.372201191,4.03464E-05
LIN7A,-1.363917166,3.50852E-05
RBM39,-1.35903262,3.24483E-31
PLEKHG5,-1.356988794,4.25039E-10
WIPF1,-1.35693358,1.02533E-12
LINC00176,-1.35687439,5.16571E-05
FAS,-1.354651425,6.07101E-07
COL11A2,-1.354347875,0.005680452
ULK3,-1.353589465,6.04793E-26
FAM107B,-1.348641932,2.17854E-06
FAM151B,-1.348622028,0.000465231
CLIP3,-1.348175933,0.009548505
CHKB,-1.3422668,2.07546E-09
S1PR3,-1.340963811,4.60675E-06
COL5A1,-1.339846576,1.74406E-26
ZNF202,-1.334903465,3.41914E-09
GADD45G,-1.334858596,6.64941E-05
FAM218A,-1.333439068,0.003553565
CSTA,-1.33126664,0.006078022
SYNGAP1,-1.330297085,0.000005882
CEP290,-1.329640407,2.51746E-10
PLK3,-1.320303184,8.48357E-05
GOLGA2P5,-1.319746337,6.39965E-06
KIAA0195,-1.319649102,2.04682E-19
TNFRSF10C,-1.319438175,3.316E-07
PRRT2,-1.318696995,0.00087004
PAX6,-1.318289216,0.007142129
POFUT2,-1.315954003,1.79416E-15
APBB3,-1.314822508,5.58677E-06
ADRA2C,-1.312588321,5.84727E-13
HTR7P1,-1.310546232,2.95222E-08
LOC646471,-1.308361158,0.000813022
IKBIP,-1.307646266,1.47654E-10
TUBGCP6,-1.306215094,2.34282E-13
PKD1P6,-1.305874753,8.21312E-06
BMP1,-1.305092771,1.1907E-09
GIGYF1,-1.301292368,7.441E-29
DSC2,-1.298379172,2.61032E-08
DNAH7,-1.297398566,0.000580672
LOC101927391,-1.293151617,0.002823813
ZGLP1,-1.289650475,0.009061015
ZNF767P,-1.287171603,4.78735E-07
DSEL,-1.285584576,0.002578741
LOC100128770,-1.285476299,0.006453655
HSD17B7P2,-1.283787376,0.000520134
CCDC84,-1.283349534,2.41906E-06
DDX11L2,-1.282775479,0.006829921
NXPE3,-1.28275117,1.5115E-09
RELB,-1.281997593,0.001647332
STK11IP,-1.277993086,2.08303E-14
LOC727751,-1.277951935,0.000101706
KRBA1,-1.276293611,0.003600603
FAM110A,-1.274972811,2.13217E-10
KIAA1407,-1.27461544,5.51733E-05
COL4A5,-1.272930891,2.45414E-11
NPY5R,-1.271977465,0.003527784
MAT2A,-1.270733297,1.14822E-30
LOC100130987,-1.2682868,0.001675363
RPS27L,-1.266082212,4.61518E-15
LOC148696,-1.266037674,0.002295055
LOC100506123,-1.264922969,0.000312409
MYT1,-1.264256992,0.005658637
TRIM13,-1.262935702,7.2076E-15
NHS,-1.261158408,1.87515E-12
ERO1LB,-1.25696379,0.000303403
GGT7,-1.255744301,1.63082E-05
LOC100630923,-1.255625201,0.000107205
PRKXP1,-1.253418768,0.003045623
EDN1,-1.246784456,2.3623E-10
LOC100294362,-1.246697682,0.007638468
PGM5,-1.244680144,0.000033965
BRICD5,-1.243841265,0.001746975
CACNA1D,-1.239109122,7.41706E-05
FCHSD1,-1.238999072,2.8394E-12
MINPP1,-1.237339927,1.16191E-10
C1QTNF3,-1.235606432,0.009996917
CYP4F22,-1.235200897,0.009419364
ABCG2,-1.234922622,1.71724E-06
LOC100128494,-1.233645263,0.000635157
AQP3,-1.233458279,9.65302E-08
KTN1,-1.231365603,0.000000008
IGFBP3,-1.23053535,0.000642513
PRPF3,-1.230303974,2.02855E-11
LOC284454,-1.230271025,1.80102E-05
KITLG,-1.227889372,2.23461E-13
MAP9,-1.227848419,1.01374E-08
LOC100288778,-1.226231146,1.79169E-10
EPS8L2,-1.224700632,2.04729E-28
UCKL1-AS1,-1.222778869,0.000241549
ADAM8,-1.2225687,0.003100309
PSCA,-1.219063828,0.000505445
MTCL1,-1.216995259,1.4379E-07
SCARNA9,-1.215596392,9.06272E-05
COA6,-1.215228954,5.32798E-10
TCF24,-1.214051216,0.003071665
CEP95,-1.209620924,1.21113E-12
LUC7L3,-1.209323834,9.27171E-14
IL1R1,-1.206361334,1.11264E-05
PKD1P1,-1.206241665,3.30013E-11
GRB7,-1.205177209,0.000003926
ABCC8,-1.204544303,0.003600715
HERC2P9,-1.203159311,0.000002241
CNST,-1.201572918,7.69093E-14
TRPV1,-1.199046361,0.000288985
PCBP1-AS1,-1.19895804,0.002675476
ZNF37A,-1.195548462,7.21952E-17
ZGPAT,-1.195459736,3.78734E-16
PNISR,-1.19534446,7.46671E-14
SCD5,-1.193755153,8.42794E-13
CMAHP,-1.187782103,0.00015721
FAM20A,-1.186785235,0.000168063
PLXNB3,-1.184639275,0.000102752
FLVCR1,-1.183606224,1.48706E-07
NT5E,-1.182168917,1.53128E-11
AGAP9,-1.179855729,0.000262271
CYSRT1,-1.179226954,0.000691087
PLGLB2,-1.177923502,0.000323978
ENTPD8,-1.17791916,0.000272529
PPT2,-1.17789778,6.66889E-09
GPRASP2,-1.17328048,0.007952709
NBPF12,-1.173018548,1.03266E-10
NSUN5P2,-1.171394036,0.001189112
LIG4,-1.170118147,2.87237E-07
IL18BP,-1.166240027,0.002384106
CLASRP,-1.159792353,2.08528E-13
UTP23,-1.158685002,1.09262E-18
WASH3P,-1.156892094,1.63037E-08
TMEM259,-1.15446801,1.9068E-14
HSPB8,-1.153999579,1.19494E-05
IFNGR1,-1.149090099,3.56963E-09
MMP19,-1.148880271,0.008840141
ANKZF1,-1.146363823,2.04455E-15
ST3GAL1,-1.145385593,3.92904E-13
NFE2L3,-1.145114887,5.47423E-10
CD47,-1.142500035,1.31538E-09
PTCHD4,-1.140361543,0.008456004
ITGAV,-1.13871901,2.54125E-16
KIAA0895L,-1.137770926,8.77825E-06
ANKRD34B,-1.135744564,0.000308183
PABPC1L,-1.134807752,0.000135837
SNORA18,-1.132326994,0.007388046
LOC100272217,-1.131865998,0.002366992
SNHG3,-1.131750256,6.76616E-10
TMPRSS2,-1.131573307,3.16123E-05
CA12,-1.130733919,1.11947E-21
SRGAP3,-1.127403887,2.88417E-05
ZNF37BP,-1.123172382,2.93404E-08
MAN2A2,-1.121464466,4.79871E-18
VWA2,-1.120757755,0.007658022
TM2D1,-1.120710403,2.41505E-07
SLC2A14,-1.118835397,0.005857533
SLC4A3,-1.116084718,0.002017181
PLA2G6,-1.116071419,0.001050276
SLC30A1,-1.115606729,6.70417E-10
ANKS3,-1.115193126,9.36154E-06
MROH6,-1.11368776,0.00150593
KYNU,-1.11157543,5.44963E-14
LMCD1,-1.109626344,0.000000045
ZBED6CL,-1.109409265,3.98173E-06
LPIN3,-1.10904152,2.08725E-13
GOLM1,-1.108069007,3.75237E-07
ZNF224,-1.107102505,6.17894E-09
ANGEL2,-1.103705634,5.55608E-10
AUH,-1.103498989,0.000113824
LOC100131564,-1.101962303,0.00399119
MIR22HG,-1.101670896,0.002506082
ILF3-AS1,-1.100956496,2.67745E-11
SERPINF1,-1.09988707,0.000633222
DRAM1,-1.099782317,6.90733E-12
TMEM81,-1.099324826,0.00167313
MCOLN2,-1.096897534,0.001927639
LOC399491,-1.096706553,1.96185E-07
COMMD2,-1.094614763,9.84813E-09
RDH14,-1.091193217,1.04535E-08
LOC100130093,-1.088468448,0.00159581
GUCY1B2,-1.088065143,0.00057815
ABCG1,-1.086275884,8.5152E-12
BTG2,-1.085618705,3.12398E-16
SLCO4A1,-1.08474208,2.65341E-10
SZT2,-1.084348789,4.60234E-12
KLHL5,-1.08226482,1.7118E-12
THEM4,-1.08181374,1.79326E-05
NBPF11,-1.080744462,2.22613E-15
CCDC78,-1.080448572,0.001883375
CLDN1,-1.080447645,0.000800479
PLAU,-1.079203881,0.002828839
SNORA22,-1.075429356,0.001607295
MAP3K14,-1.073570065,2.08559E-05
C6orf141,-1.073022419,0.000000074
KRT7,-1.072649008,0.000194864
TUBG2,-1.067222792,0.005427958
CYB5D1,-1.065660778,2.69063E-13
ZMYM5,-1.064053173,4.56071E-08
NTN4,-1.062906247,0.000182898
TMEM9B,-1.062804223,4.21751E-13
CROCCP2,-1.062083403,0.000116516
C11orf71,-1.061238767,0.000012505
IL6ST,-1.061220105,1.23534E-11
FAM47E-STBD1,-1.060737776,0.003395647
VASN,-1.060632563,2.20934E-07
LUC7L,-1.058852568,9.29256E-13
DZIP3,-1.056497378,1.80276E-09
AGAP5,-1.053751722,0.00367017
PRPF38B,-1.052258131,1.56833E-09
FAM193B,-1.051212543,1.46203E-10
AKR1C3,-1.050512965,0.000824751
CREBRF,-1.050177052,0.000884669
DKFZP434I0714,-1.049448785,0.000574725
POLI,-1.048168876,0.000105742
SNORD94,-1.047574884,0.000118927
HDAC10,-1.047501146,0.00024604
USPL1,-1.042873472,6.78665E-10
PPP2R5B,-1.039273893,0.000326788
LOC100499484-C9ORF174,-1.038278982,0.004754244
RELL1,-1.037937005,1.11412E-07
FAM84A,-1.037852245,0.000031895
CCT6P3,-1.037073858,0.00020557
C9orf3,-1.036917113,3.65749E-07
NSUN5P1,-1.036704349,7.79092E-05
C12orf5,-1.034730411,2.66782E-12
ZNF75D,-1.034468594,2.00137E-14
SCCPDH,-1.03425907,9.3374E-14
FRA10AC1,-1.03409417,0.00020322
CGRRF1,-1.033216912,4.7291E-06
GOLGA6L9,-1.032334533,2.75542E-05
HEMK1,-1.029895628,0.000115494
NINJ1,-1.02929444,3.33239E-16
METTL7A,-1.028308206,0.000177184
METTL16,-1.024684798,8.19351E-17
FBXO44,-1.024518506,1.33194E-05
ATP7A,-1.024147009,3.41806E-06
SNORA54,-1.023500112,0.004705443
EPOR,-1.02185218,0.000668238
C1GALT1C1,-1.021583807,4.69902E-07
ZNF354A,-1.021132767,8.88759E-08
AGPAT9,-1.020001712,5.52536E-05
STAG3L4,-1.018740133,1.40134E-07
SLC2A6,-1.017974522,0.001768476
AGAP4,-1.017355475,0.001990444
SLC39A10,-1.017073817,9.48013E-10
ENC1,-1.016982784,9.96378E-14
MYSM1,-1.016775901,6.62809E-10
IFFO2,-1.016600809,7.69082E-06
ARL16,-1.014814207,1.00424E-05
TVP23B,-1.01472476,3.66435E-08
ARHGAP26,-1.014564048,2.53648E-07
SCARNA12,-1.013360198,2.22565E-08
ZNF449,-1.011843801,3.07132E-05
IFIT2,-1.009875907,0.000983822
CREBZF,-1.007146074,2.05946E-23
CTC1,-1.006473155,6.72774E-11
TAF1C,-1.006305784,1.27892E-09
CAB39L,-1.004553127,0.000238906
TATDN1,-1.004271666,8.00817E-07
TXNIP,-1.003955848,2.30714E-08
PNN,-1.002708403,5.10027E-13
GADD45A,-1.001270227,8.85164E-05
DISP1,-1.001212845,0.000682673
SOWAHC,1.00067224,4.78567E-05
RHOA,1.002221247,2.63935E-13
IFI35,1.00288024,0.002883677
RFC3,1.003063318,6.14872E-07
SULF1,1.003416043,4.10485E-07
RNPEP,1.004048973,2.75389E-05
HNRNPUL2-BSCL2,1.004202371,4.44576E-13
BCOR,1.004305048,8.40793E-11
ATXN2L,1.004441473,5.75615E-05
PCDHGC3,1.005284791,4.24606E-06
SMARCC1,1.006372969,3.40293E-15
TUBB2A,1.006500237,0.004781344
ZNF738,1.009056329,0.00240551
ST8SIA6,1.009554749,0.00119566
GPSM2,1.009945827,3.94304E-10
PDLIM1,1.010272405,2.59475E-08
ETFB,1.011736706,3.65749E-07
SLC4A10,1.011873934,0.000015584
ANP32E,1.012642244,9.73623E-11
C1orf226,1.014075211,1.37034E-11
DIAPH3,1.014350764,1.05848E-06
DARS2,1.014532269,4.77762E-06
DENND2C,1.014921879,8.85164E-05
IDH2,1.017979262,4.09729E-14
FMN1,1.018409328,2.17165E-13
UBA1,1.021416004,6.66576E-09
QARS,1.023093327,1.49873E-17
LINC00263,1.025825286,0.008315087
SAMHD1,1.026300244,0.000694051
CCDC74A,1.027518426,0.000301053
PGD,1.029380579,1.81813E-13
AP1B1,1.031890075,1.83679E-08
PRKAR2A,1.032941825,7.87147E-08
FASN,1.033968033,1.27864E-06
LIMD1,1.034660061,1.27892E-09
GPX8,1.035360219,4.61502E-05
DCAF7,1.035642301,3.62732E-09
TMPO,1.035704235,2.37544E-19
HIF1A,1.036234611,3.69852E-17
PXN,1.036754648,1.00216E-06
H2AFZ,1.03719823,7.34779E-12
CENPL,1.037396032,1.45223E-06
SMAP2,1.037437388,3.34188E-05
ALDOA,1.042125247,7.07157E-26
WHSC1,1.043433621,4.11834E-15
SHMT1,1.043472154,1.58052E-12
UQCRC1,1.044362097,6.8138E-09
UNG,1.044590442,2.40361E-14
RASA3,1.045925388,1.20766E-05
KHSRP,1.049333517,0.000000624
ZNF530,1.050593458,0.007882121
EME1,1.052367281,0.000441368
TPI1,1.052947879,9.79951E-11
GPI,1.054825723,4.77735E-09
BARD1,1.057313038,7.90247E-12
PIP5K1B,1.057865609,0.004180341
FAM189B,1.058430812,0.007147956
STIL,1.059335924,1.4976E-06
CYP26B1,1.059881507,5.29786E-05
PIR,1.061295005,0.000333278
UBL7-AS1,1.061311288,0.00042974
DCLK1,1.064007916,1.65167E-08
PABPC1,1.06591337,2.75129E-13
CRACR2A,1.066271862,0.000254201
MPND,1.066533496,1.44449E-07
ISOC1,1.066607294,2.16564E-06
CMC4,1.067042662,0.000125503
RFC5,1.067295659,2.484E-11
ASS1,1.067318357,7.34928E-14
UCP2,1.069620787,7.73996E-08
LETMD1,1.070150494,4.49918E-09
FABP5,1.070189665,0.004571477
CS,1.070366655,3.59658E-06
ODC1,1.073466799,2.23125E-10
COL1A1,1.073611552,0.007829408
ZNF816,1.075925385,5.11599E-05
FLOT2,1.076262384,0.000000008
RPSAP58,1.077053503,2.80715E-10
DUT,1.07791101,7.78575E-09
RNF26,1.078806107,1.08156E-06
ZNF275,1.080236492,0.000032075
MARCKS,1.080351307,1.04001E-14
MAD2L2,1.082473349,6.24633E-07
CCNK,1.084009043,0.000149101
CHAMP1,1.084594799,0.000869365
LOC100288637,1.084613779,0.002674521
HLA-DRB1,1.085996076,0.00124885
NDE1,1.086129201,5.19694E-06
MOCOS,1.086402541,1.69552E-05
PPP2R2A,1.086427048,8.38208E-12
H2AFJ,1.088489604,5.10158E-11
MXD3,1.089289438,0.000011145
SUSD2,1.091042326,0.000606383
PTPLA,1.09204012,0.00249739
PARP10,1.092130005,8.28943E-05
LASP1,1.092682674,0.000000034
RPS2,1.093098084,9.26147E-09
TAGLN2,1.093140232,3.69764E-15
SUFU,1.093739058,0.000132412
PCDHGB1,1.093826385,0.000150662
MMAB,1.094671296,6.70417E-10
TFRC,1.09529565,4.23618E-33
NFIX,1.095681436,0.003674594
LYN,1.09592856,0.00027312
BLVRB,1.097139733,4.72265E-20
SSH2,1.098895644,2.28867E-05
C1orf106,1.099789056,2.40543E-08
KIAA1524,1.102471396,7.08899E-08
ADCY1,1.102642043,0.000000001
ADM,1.103001539,0.001091876
PRKACB,1.103620195,1.53196E-05
PCDHGA2,1.106886109,0.001375544
KIF1A,1.107034507,1.06317E-05
RDX,1.107657156,1.29448E-16
CSNK2A2,1.108843931,0.000000034
SLC16A9,1.108920578,0.001694657
AK4,1.109827795,1.41321E-11
HSPB1,1.110254748,3.75036E-21
CTSV,1.112678393,0.000627002
ZNF100,1.114783637,5.44676E-07
SYNM,1.116811666,0.000168116
RPSA,1.119529053,1.42609E-09
NUDT1,1.120565897,8.94046E-05
RRAS,1.122287156,0.001821701
GOT1,1.123455638,4.65397E-10
WDHD1,1.124445083,6.60489E-13
PAICS,1.124762326,1.30754E-09
FTH1,1.125802586,3.59217E-22
LOC100129034,1.125851233,9.33342E-08
COBL,1.128654291,2.0711E-09
CRABP1,1.128776388,3.51294E-05
PTPN23,1.128995142,0.000219162
ZNF229,1.129864678,0.000132013
CENPO,1.130015878,1.78589E-07
EMC9,1.130294282,7.82299E-07
TCTEX1D2,1.131338721,1.84345E-05
PPIA,1.131545473,1.03266E-10
MEIS1,1.136181543,0.00001681
ESCO2,1.136287999,1.35759E-05
TYRP1,1.136534143,0.0019532
UBE2S,1.137162286,1.71072E-14
SCD,1.137668374,3.40073E-15
FKBP5,1.139600277,8.10988E-11
MZT2A,1.143367039,3.56104E-11
CCDC167,1.144668991,0.00367017
BTC,1.145648249,0.008989547
USP18,1.14577966,0.000113007
ATAD2,1.146556633,4.14211E-27
C5orf34,1.146691665,0.001148976
SLC1A4,1.147610748,3.51474E-09
NTAN1,1.147720268,1.51348E-07
PSMC3IP,1.148437549,0.00896828
TFF1,1.149579595,5.4094E-15
ANKRD52,1.15060126,0.006049448
IQSEC1,1.151651718,1.15826E-09
KRT80,1.152036516,1.45086E-07
LMNB2,1.154191139,7.6253E-08
CPNE2,1.15458882,0.000689436
UBE2T,1.154646738,1.24817E-11
ABHD17C,1.154942698,2.91507E-11
HOXA10,1.157568017,0.002379885
DAB2,1.15814303,0.005647158
ATXN7L1,1.158533212,2.20288E-05
SHMT2,1.158996743,2.26727E-09
EHD2,1.159747403,0.002797433
ARSJ,1.162103201,0.002230901
PKM,1.162760227,1.94011E-19
R3HDM1,1.163925606,6.06902E-05
SLC1A1,1.166741092,0.007612985
PCBP2,1.167377297,6.17573E-07
ANP32B,1.168631886,1.6201E-13
MCM3,1.170150436,3.40073E-15
XRCC2,1.170446815,3.84359E-07
LRP4,1.170897762,0.001633404
CTDSPL,1.171485776,3.10889E-06
GPHN,1.17353375,2.99275E-08
RAPGEFL1,1.178387882,5.24026E-06
RRM1,1.178705206,9.60757E-11
ZNF525,1.180384946,1.33176E-07
SRM,1.184160765,0.000125462
FANCA,1.185661648,4.51817E-08
FDPS,1.18660206,1.1485E-19
PEA15,1.187218876,4.12853E-12
HS3ST3A1,1.187966903,1.55397E-05
HMGA1,1.188704735,2.58489E-08
GPNMB,1.18989046,0.000224693
PRDM6,1.190055802,0.000241749
SULT2B1,1.190132463,6.04425E-07
CYP2J2,1.191305094,0.00028777
GSG2,1.191318787,3.51638E-05
TOB2,1.1915673,4.07473E-14
CLN6,1.19273839,2.01663E-12
MID1,1.194943791,0.00012896
SEPT5-GP1BB,1.195593479,1.10133E-06
TMCC3,1.196362393,0.004986031
FSCN1,1.19785527,0.007242208
NUPR1,1.201628682,0.000116102
UBE2V1,1.201812207,1.36237E-09
TMEM63C,1.202440086,0.003748541
AREG,1.204990335,7.03471E-08
PABPC4,1.2057389,1.47654E-10
HIST4H4,1.209967204,2.91682E-09
PKIB,1.210360117,5.08749E-24
ZNF726,1.211082338,0.00277519
SASH1,1.212376619,2.95523E-10
CALM3,1.213206916,3.17672E-13
PPIF,1.214116068,2.24839E-27
BLM,1.214952915,7.30834E-09
CLCN4,1.215105985,0.001610044
ZNF703,1.217032643,2.22214E-10
PDSS1,1.218042988,0.001440343
PAK1,1.219083477,0.000203875
ID1,1.220529067,1.33051E-07
CCDC15,1.220889863,0.004876151
MCCC2,1.221829329,1.28915E-25
CDH11,1.224499385,0.000788991
CDK14,1.225185461,0.000481989
LDHA,1.227743821,5.17603E-37
LSS,1.227803123,7.15628E-24
HOTS,1.228165886,0.007934185
GPT2,1.228700212,0.000000128
ZBTB47,1.229207195,0.006271209
PRSS16,1.23206502,0.005033503
TRPC6,1.232716891,6.99727E-05
C1orf53,1.234384954,0.000853257
WLS,1.235690867,0.000178701
KIF14,1.236145392,1.32118E-13
TUBB3,1.236559911,8.92847E-10
DCPS,1.236790458,0.000128536
BST2,1.237727235,0.004044023
DHTKD1,1.239477269,1.15199E-09
ARSB,1.2408269,0.000143047
RNASEH2A,1.242780641,2.16383E-11
MCM7,1.243602059,3.42159E-12
POLQ,1.245449199,5.52799E-09
IGFBPL1,1.249379224,0.00414423
BNIP3,1.252305068,1.30018E-12
PCLO,1.252491296,2.53373E-09
ACBD7,1.253163616,4.95839E-07
PRIM2,1.254562866,9.60077E-07
CCNE2,1.255643561,2.72441E-06
NFIC,1.255908082,0.0001164
MTHFD2,1.25649767,4.95855E-18
EPB41L1,1.259477808,1.64618E-07
HPRT1,1.264129108,8.36046E-14
DTYMK,1.266721108,0.000000011
TP73,1.266848474,8.29347E-06
SLC43A1,1.269018505,0.001934346
CENPK,1.269351607,1.61211E-05
CUL7,1.270233168,9.56011E-09
CHAF1A,1.272096243,1.5906E-08
MTHFD1,1.272485792,7.61569E-12
HDHD1,1.273600792,9.65302E-08
HIST1H2BD,1.275140028,2.62441E-19
SMTN,1.277655049,1.57644E-06
FUT4,1.278255894,5.78235E-05
ATF5,1.278779461,7.24809E-09
ZNF85,1.280820982,6.36364E-08
E2F7,1.280932695,9.66903E-08
RFC2,1.283801966,3.72979E-12
CHAC1,1.284386661,0.001135375
CHD5,1.286408482,0.001669908
MKX,1.286832912,0.002536813
FAM225A,1.28697827,4.02463E-06
POLD2,1.287536633,3.53274E-09
FAM114A1,1.288110428,2.03177E-06
ARID1A,1.288119366,4.65162E-09
GSTZ1,1.288639497,6.21648E-14
ZDHHC2,1.291424845,0.000668238
VWDE,1.291573712,0.000209526
MLKL,1.291788576,0.00099172
TBL1X,1.292392285,8.98377E-08
MVD,1.29500922,1.30007E-17
CAMK2D,1.295949208,2.01663E-12
DSCC1,1.296098132,6.71874E-09
ARMCX4,1.29668349,0.006313709
HAUS4,1.303208143,9.90046E-20
ORC6,1.305286147,9.72132E-07
MORC4,1.306408521,6.70417E-10
ZNF695,1.307237275,0.000210323
CDK1,1.307561643,4.68312E-17
BRCA2,1.308439629,6.85275E-16
CBS,1.31020618,6.85705E-09
ATIC,1.310384388,3.08613E-16
COL9A2,1.314629732,0.000381173
ZNF615,1.315028043,0.001914552
CMIP,1.31601837,1.40134E-07
RMI2,1.31639749,9.94477E-11
GINS2,1.317867248,2.40926E-12
MAGED1,1.319720931,1.09511E-21
MCM6,1.319857686,3.10292E-19
EMC3-AS1,1.321305323,2.60696E-05
KRT6A,1.322079466,0.004375721
FAM83F,1.322849941,0.00348398
ZNF813,1.323229508,0.000120741
POLD1,1.32432652,4.87212E-09
NEURL1B,1.32717825,7.26048E-13
GYG2,1.327606144,0.000476375
CHEK1,1.330619437,3.83751E-11
POLR2A,1.331327921,0.00082017
GALNT12,1.331922888,0.00014163
SMAD9,1.333193911,0.00827711
TIMELESS,1.333541545,1.43193E-11
LOC101927934,1.33766554,0.001059293
ZNF852,1.342707839,0.001758941
BRCA1,1.34311141,6.01036E-13
CKS1B,1.345400062,4.38755E-12
SH3RF2,1.34613267,0.004082794
KRT23,1.346169259,1.54306E-06
SEPT3,1.346214026,0.005462827
PKN3,1.347452603,0.002779668
NEK2,1.34970037,1.89869E-05
SNTB1,1.350208524,0.002689079
ANKRD1,1.350787413,0.002201009
LOC642423,1.351171699,0.009079663
ISG20,1.354001133,1.1146E-06
WDR76,1.354063497,1.09116E-09
FN1,1.354616814,1.74447E-11
MCM5,1.35726295,3.34916E-12
CASP2,1.359422585,4.24863E-10
C9orf40,1.36005742,6.42345E-05
E2F1,1.367352437,6.54898E-11
PLCH1,1.367395801,0.001270905
FANCG,1.371212554,4.62459E-08
PRIM1,1.372008648,5.94717E-12
RAD51AP1,1.372628685,1.06317E-05
TRAIP,1.373690734,6.99138E-05
SOGA1,1.378437181,6.91576E-11
NUF2,1.381094534,3.55565E-07
ZNF736,1.38691205,7.40511E-17
NEK6,1.387457299,3.89032E-12
APOBEC3B,1.388318872,2.84365E-05
RFC4,1.389829458,5.38351E-09
CRLF1,1.391778326,0.000491012
GLI3,1.391886634,6.46671E-07
DPYSL5,1.395096676,0.009355168
GINS1,1.406432662,2.09866E-15
IKBKE,1.408610113,0.000541461
KIF24,1.408953448,2.5869E-08
ZNF681,1.410373303,0.000001314
MUC5B,1.414947466,3.81252E-07
CENPE,1.415421528,1.99501E-17
LPAR5,1.421008713,0.008253879
KDELC2,1.42133509,1.73397E-07
LINC00346,1.422282348,0.000201723
TRIP13,1.42295711,2.94056E-08
FAM115C,1.424408562,3.05573E-05
GINS3,1.429511226,2.77909E-08
CHAF1B,1.430609934,2.95083E-07
DEPDC1,1.430795413,6.32618E-14
GAS2L3,1.432232247,1.31327E-16
HIST2H2BE,1.432456778,6.94977E-26
SEPT10,1.432943255,2.22486E-08
FBXO5,1.433284461,1.08889E-13
UBE2E2,1.433398609,3.75237E-07
CREB3L1,1.435463702,0.004673293
CDKN3,1.437377726,1.34326E-09
ZNF543,1.440038765,4.16125E-06
TTK,1.440303378,1.22541E-13
BRIP1,1.44078038,5.29354E-23
MYRIP,1.441604347,0.006422975
TNS4,1.441725156,0.000628039
CBX5,1.442083222,3.6773E-16
H2AFX,1.442259751,1.83868E-26
ANK2,1.447648895,0.006299081
OTOGL,1.449018208,0.000945312
IFI6,1.449400497,2.6239E-06
SEPT5,1.450838175,7.43722E-14
ZNF321P,1.452707534,0.006336441
MX1,1.453094779,0.003766903
KIAA0226L,1.453277386,0.000101407
OXCT1,1.45692071,8.03154E-10
PAQR8,1.457819817,0.00025195
PRKACA,1.458509734,9.34516E-08
BMP6,1.462842567,0.002713616
C1QTNF9B-AS1,1.463972895,0.006163437
HELLS,1.465968444,8.06559E-15
PPP4R4,1.467650257,0.004180341
ZNF93,1.469138717,3.12277E-08
DNMT3B,1.472234573,3.63876E-05
PSMB8,1.473988771,0.004062988
KPNA2,1.476721726,5.20285E-15
GALM,1.477166996,0.001711462
NRM,1.47979211,3.51638E-05
ZNF730,1.48455498,4.14526E-05
POLA2,1.485324974,3.00944E-12
LOC154761,1.487044611,0.000043768
HIST1H4E,1.487573956,6.48404E-21
MTFR2,1.489280275,3.48055E-05
UGDH,1.489969245,4.40683E-30
ZNF829,1.490923781,0.000100269
GPR64,1.491769454,0.002449313
FA2H,1.495413107,1.84217E-05
SORD,1.496589652,2.95981E-14
ZNF850,1.498212057,2.08725E-13
DPYSL2,1.498380982,2.91407E-25
ACOT7,1.498868122,6.68878E-11
NCAPG2,1.500415125,2.05779E-14
FAH,1.501053557,2.74307E-05
ARHGAP11A,1.501300382,1.47595E-25
GNG4,1.503036248,0.004754244
ZDBF2,1.504492481,0.000114651
LGALS1,1.508804708,2.20463E-09
PIF1,1.508868505,0.00027101
TYMS,1.516538542,8.87749E-17
OIP5,1.517812629,1.25599E-05
MST1R,1.519948311,0.000773655
KSR2,1.52217924,7.87507E-07
AURKA,1.522218398,2.31876E-13
PAG1,1.527226057,9.72115E-05
CDCA7,1.52868878,0.00018679
TUBA1C,1.529709856,9.1566E-17
CDCA3,1.530649338,0.000000478
ONECUT1,1.531722665,0.001335995
PCK2,1.543023631,9.89778E-19
BTG3,1.543447416,0.000262163
CNTLN,1.550375291,0.00122098
ANKHD1-EIF4EBP3,1.55518439,3.46891E-10
TP63,1.555764191,7.04838E-05
MYCL,1.557002551,5.09134E-06
HIST1H4K,1.558496226,0.00000001
DDX11-AS1,1.564042505,0.002216402
UBE2L6,1.564485802,2.79176E-05
SYBU,1.567186112,8.35848E-10
BMP7,1.56868381,4.59847E-12
FAM72B,1.572458149,0.000127889
RAB36,1.573183241,0.00125353
GAPDH,1.576196445,1.93408E-21
TROAP,1.577801834,4.91722E-08
ZC3H12C,1.582428616,2.52279E-05
HIST1H4H,1.582646138,9.46646E-35
MAP2K6,1.58626633,0.000965017
HIST2H2AC,1.586920254,6.58251E-22
LOXL1,1.587342898,8.19351E-17
CCNB1,1.587998023,2.67671E-13
EXO1,1.589068451,6.64902E-12
PCDHAC2,1.590426351,1.30545E-07
AGMAT,1.590909416,6.00891E-05
PLP2,1.593276135,7.25766E-16
MN1,1.596137071,0.002119489
RAB3B,1.597214036,0.001414541
ZNF701,1.601109838,6.34373E-13
ACAT2,1.601657227,8.56159E-15
OSGIN1,1.60222536,2.22157E-10
MAP4,1.603050688,6.27166E-14
ASNS,1.605665234,3.92446E-15
CNIH2,1.606531317,0.001321808
NCAPD2,1.611644159,7.92688E-16
FAM72D,1.613966158,2.57793E-08
MAP1B,1.616676726,3.34232E-09
HCN4,1.617975417,0.00187116
FBXO27,1.618620829,1.53875E-06
TGM2,1.621017403,0.001000252
ZNF506,1.627420293,4.69136E-07
SKIDA1,1.628437919,0.000435645
RYR1,1.629282716,0.001477292
INCENP,1.635606554,3.29699E-14
TTLL7,1.637353209,0.001552433
FAM83D,1.639143358,6.75178E-11
SPDEF,1.639812195,1.93013E-38
INHBE,1.641336941,0.001839327
RBMS2,1.642913792,5.53261E-06
OSBPL6,1.648186787,6.99138E-05
RNF157,1.648828671,0.000153769
ZNF563,1.649084661,0.00019349
KIF11,1.650629136,1.04628E-31
ERCC6L,1.652944686,1.71244E-09
CDC6,1.660031156,1.58297E-13
ROBO1,1.661269243,4.68542E-11
ZNF43,1.662563392,1.41554E-10
ZSCAN18,1.662769135,0.000180084
SKA3,1.669546315,1.68815E-12
MCM2,1.670777901,2.104E-17
POC1A,1.672246524,1.80483E-09
TCF19,1.684759201,1.20581E-18
MELK,1.685240879,2.07748E-13
SGK1,1.687326365,1.62967E-16
APBA1,1.696063429,0.000296261
SERPINB5,1.703882301,0.000608229
MT1F,1.704737281,0.000914805
CLSPN,1.708303593,5.83256E-21
GINS4,1.709835795,2.41067E-08
GLRA3,1.710032625,6.50882E-16
SIRPA,1.711741191,0.001090064
PFKFB4,1.714747469,7.18348E-12
GNA14,1.717339591,1.33658E-14
RAD54L,1.722316602,4.34741E-07
KNSTRN,1.726306874,1.58099E-11
TRANK1,1.728927801,2.35165E-20
PTRF,1.729339771,6.34297E-05
TAF15,1.730410281,2.09637E-15
NBL1,1.731069253,1.50749E-09
CENPW,1.734772669,7.43764E-07
CENPN,1.741095759,2.95947E-22
FAM72C,1.744465431,2.90579E-08
CENPM,1.747516961,1.27545E-06
STMN1,1.749906896,4.74217E-51
NCAPG,1.752001315,1.16527E-15
HIST1H1E,1.753477098,6.95428E-30
EGR3,1.754663205,5.67887E-15
NREP,1.767076433,7.36365E-05
HIST1H3E,1.772170911,6.42989E-29
MND1,1.772545388,3.29772E-05
DEPDC1B,1.773047438,8.18322E-11
HIST1H4C,1.773823467,3.69181E-41
SOX2,1.77683379,4.79871E-18
NEIL3,1.780807342,1.32237E-07
HIST1H2BC,1.781020595,7.0225E-28
OAS2,1.783175975,6.43663E-05
HMGB2,1.787776783,1.0667E-46
RACGAP1,1.788942033,2.09082E-19
CENPA,1.791465188,9.79281E-12
OAS3,1.794661332,3.90462E-10
CNTNAP2,1.795159727,0.000500536
TACC3,1.796270714,4.14298E-13
C17orf53,1.800971436,9.02028E-08
CASC5,1.801173618,5.15515E-22
BUB1B,1.8050356,6.05723E-15
SLC16A6,1.805540006,1.3681E-28
FGFR4,1.808891137,3.31306E-12
NUSAP1,1.809151096,9.0929E-28
HIST1H4F,1.812475435,3.7375E-23
C3orf70,1.813761335,7.62299E-07
FIGN,1.81665377,3.88745E-07
OLFML2A,1.821255359,9.41091E-06
CDCA2,1.831447155,1.32173E-13
RIMS2,1.831727292,1.11654E-05
HIST2H2AA4,1.833951497,1.83237E-38
SLFN5,1.835938856,1.31517E-21
CDC25A,1.83627899,1.33989E-14
TMPO-AS1,1.838135196,0.000000318
HIST3H2BB,1.844546195,8.07695E-10
CENPU,1.844851805,1.86817E-24
HIST1H2AD,1.845452416,4.10702E-12
SPAG5,1.848818573,3.92446E-15
GRIK2,1.849841471,0.000119115
KIFC1,1.852013644,1.99501E-17
FANCI,1.854671944,9.14268E-37
PDK1,1.855388588,3.08192E-10
NES,1.856881132,4.29715E-06
TMEM26,1.857552175,7.79143E-07
SGOL1,1.86510894,7.04872E-16
CDCA5,1.865983512,6.80314E-16
ASF1B,1.866620251,1.05118E-20
ASPM,1.867296285,2.38115E-46
DTL,1.885339263,1.45836E-16
KIF18B,1.891533144,0.000000001
SERPINA1,1.894373798,1.07727E-12
HIST1H2BG,1.896704898,5.58701E-24
TNFAIP8L1,1.89972804,2.61156E-06
CENPH,1.9074459,1.30018E-12
ZNF732,1.914549034,2.06362E-05
HIST1H1C,1.91788867,1.38143E-29
ETV5,1.923719418,5.77147E-05
GLA,1.934510029,2.91462E-60
FAM115D,1.937374471,0.000182374
HIST1H4D,1.940476392,1.2297E-36
PRC1,1.941487417,9.57164E-31
PHF19,1.945835679,3.20742E-16
HIST1H4B,1.947117275,3.58421E-21
ZNF367,1.949272094,2.01358E-23
FAM225B,1.950955471,0.000165986
FOXM1,1.957113374,1.00984E-15
ADM2,1.958112564,5.13824E-05
RASGEF1B,1.960507759,1.87944E-06
MYCN,1.96167554,9.26543E-05
NR5A2,1.961757702,2.43035E-05
ZNF256,1.968686388,7.70428E-07
BUB1,1.969832949,1.26945E-17
TOP2A,1.972176412,2.37022E-36
TUBA1B,1.975166926,9.12861E-30
KIF23,1.9868317,1.37131E-26
FAM129A,1.992307209,1.97478E-06
FANCD2,1.992777204,9.52737E-15
TPX2,2.002352118,3.4261E-18
PBK,2.003054342,6.78667E-14
VCAN,2.010162552,0.000001561
LMNB1,2.01156519,2.91235E-27
CDT1,2.012072823,7.55101E-24
IMPDH2,2.018715415,3.70365E-23
CDC45,2.019614944,2.12752E-17
HIST1H3A,2.021781452,8.61731E-18
CEP55,2.024293156,2.63329E-20
CKAP2L,2.030343889,3.48487E-13
GTSE1,2.046152277,4.31198E-09
TUBB,2.058996251,9.66774E-23
CBR3,2.060338167,5.37991E-08
PKMYT1,2.085790044,5.5609E-21
CRYBG3,2.086188535,1.0553E-23
HIST1H3D,2.096764929,1.3846E-56
FBLN1,2.105824772,4.35337E-05
CIT,2.107064549,1.46782E-20
CDCA8,2.12183518,4.0381E-20
HIST1H2AE,2.122052126,1.64088E-44
CENPI,2.135516614,2.95981E-14
MCM10,2.142485045,1.33842E-18
HMMR,2.147228424,5.46888E-26
SKA1,2.154579856,4.61032E-10
ZNF442,2.165736409,0.000000056
ESPL1,2.167750211,1.5986E-14
FAM111B,2.170333909,1.96782E-19
E2F2,2.172520683,1.85244E-23
KIF15,2.179984289,8.3108E-26
AURKB,2.181871204,7.18834E-20
DLGAP5,2.18374904,5.07548E-20
NDC80,2.185176586,1.42264E-20
SFXN2,2.191832073,2.62008E-51
HIST2H2AB,2.195990173,2.78996E-46
HIST2H4B,2.198704263,7.14211E-37
KIAA0101,2.200895945,6.13559E-23
HIST2H2BF,2.201058929,2.29638E-30
UHRF1,2.202094693,5.40705E-20
SHH,2.217025973,1.26392E-07
TLE4,2.227463763,1.77281E-09
BIRC5,2.246408064,8.93033E-28
NAV2,2.251025005,7.89027E-28
PGM1,2.255874252,3.26641E-11
CDKN2C,2.259200693,1.03281E-15
HIST1H1D,2.260716712,1.47972E-43
NCAPH,2.270410159,1.57694E-15
HIST1H2BE,2.273235317,1.56607E-24
HIST1H2AM,2.275028908,5.50245E-42
ORC1,2.279570291,1.10185E-13
PTTG1,2.28099779,2.23324E-17
CDCA7L,2.282951583,2.59378E-24
CDC20,2.288125185,2.08303E-14
HIST1H3I,2.306128851,1.15969E-20
KIF2C,2.310110651,2.25451E-16
KIF4A,2.318587401,6.95934E-20
RAD51,2.32498732,2.66395E-13
HIST1H2AK,2.335444835,8.13199E-18
CCNB2,2.335567474,2.11851E-21
SHCBP1,2.339594612,1.89491E-16
UBE2C,2.343589053,2.07645E-24
TICRR,2.344728005,1.24622E-15
E2F8,2.348978414,2.7147E-17
HIST1H3H,2.353056464,1.82338E-59
HIST1H2AI,2.411604973,1.51498E-46
HIST1H2AG,2.419471883,1.83816E-48
FAM64A,2.433823333,4.19745E-16
HIST1H2BH,2.449255364,3.94527E-50
HJURP,2.454909465,6.14634E-24
HIST2H3D,2.460617097,2.46855E-39
MUC1,2.488131208,1.81113E-25
TK1,2.510162277,1.2088E-30
HIST1H2AB,2.514610041,2.21102E-24
ANLN,2.544485122,3.5253E-62
HIST1H2BI,2.554256669,7.4623E-38
PRUNE2,2.554930969,4.95282E-08
PLK1,2.559994827,3.70766E-19
MKI67,2.565960388,6.22723E-32
PHGDH,2.595430052,2.98214E-30
HIST1H4A,2.598618995,1.38298E-42
HIST1H2BN,2.632056415,7.77508E-43
HIST1H2BO,2.649878044,4.32129E-44
HIST1H2BF,2.653430607,6.28873E-31
SPC24,2.663161638,1.46951E-14
KIF20A,2.664219619,3.13032E-25
IQGAP3,2.684299794,3.00824E-29
HIST1H2AH,2.697511647,3.22305E-40
CCNA2,2.702355778,7.97259E-27
CDC25C,2.721396732,1.72541E-17
MT2A,2.741818795,2.01634E-29
HIST1H3F,2.753375384,1.54533E-81
HIST1H2BJ,2.782268289,2.90719E-49
ZNF486,2.806916761,2.14055E-09
HIST1H3C,2.822817027,3.00091E-40
HIST1H2BL,2.834445606,9.72892E-44
NYNRIN,2.852015964,3.20604E-26
HIST2H3A,2.853339302,4.56679E-97
IL20RA,2.853968744,3.24222E-09
HIST1H2AL,2.863243867,1.45852E-37
HIST1H3G,2.879038612,8.55568E-70
ZNF257,2.90524632,6.16844E-10
HIST1H2AJ,2.91215618,1.1354E-58
PRR11,2.913263423,1.83147E-38
HIST1H1B,2.989348353,7.9821E-70
HIST1H3J,3.003084902,4.34688E-57
HIST1H3B,3.006552731,7.09564E-94
HIST1H2BM,3.039300295,2.89959E-31
IFI27,3.134129675,4.2801E-14
MYBL2,3.15399881,2.25286E-37
ZNF625,3.290185464,1.46238E-14
RRM2,3.317066963,8.4254E-122
GALNT5,3.836863297,6.35188E-25
HIST1H2BB,4.144574186,7.32243E-27
XIST,4.468678192,3.12544E-53